Title,Description,Author,Category,Source,Link,Class_Model1,Class_Model2
Value of money is based on trust,"GREAT MOMENTS IN SCIENCE: The worth of all currencies from stone coins to Bitcoins is based on people trusting the transaction system. Just ask the people of Yap, writes Dr Karl.",,,ABC Australia,https://www.abc.net.au/science/articles/2016/06/21/4485466.htm?site=science/greatmomentsinscience,4,13
Bitcoin: from the beginning,GREAT MOMENTS IN SCIENCE: How did the Bitcoin virtual money system get started? Dr Karl takes a bite out of history.,,,ABC Australia,https://www.abc.net.au/science/articles/2016/06/14/4475800.htm?site=science/greatmomentsinscience,4,13
Woman 'spat at hospital staff',"Deaths in two states have taken the nation&#x27;s toll to 83, as elsewhere coronavirus restrictions start being rolled back.",9News,National,9NEWS,https://www.9news.com.au/national/coronavirus-live-updates-australian-death-toll-rises-new-cluster-at-nsw-care-home-who-immunity-passport-uk-death-toll/07c1818a-54f2-48b5-8215-b98e0b7f5f2b,0,16
Sydney woman charged for spitting at hospital staff,A woman who spat at two security guards at a Sydney hospital is among four people charged in NSW yesterday for breaching COVID-19 orders.,9News,National,9NEWS,https://www.9news.com.au/national/coronavirus-sydney-woman-fined-for-spitting-at-hospital-staff/ec0f70f3-d77c-47f4-8c19-b478590854c4,0,15
Gatherings of up to 10 to be allowed in WA,"Western Australia will relax some of its stage-three social distancing restrictions after a week of &quot;very encouraging&quot; low cases numbers, WA Premier Mark McGowan said.",9News,National,9NEWS,https://www.9news.com.au/national/coronavirus-gatherings-of-up-to-10-to-be-allowed-in-wa/f26eb9ac-89f4-4fb5-acd0-d7f7e747734d,4,12
"Husband of Tiger King star Carole Baskin was murdered, lawyer says","The husband of Tiger King star Carole Baskin was strangled and thrown out of an aeroplane, his lawyer claims.",9News,World,9NEWS,https://www.9news.com.au/world/husband-of-tiger-king-star-carole-baskin-was-strangled-and-thrown-out-plane-lawyer-says/c78ec364-7501-4ad1-93f6-19b17854b95a,4,3
China records no new coronavirus deaths,"China has recorded no new deaths from the coronavirus for the 11th day in a row, but confirmed 11 new cases across the nation.",9News,World,9NEWS,https://www.9news.com.au/world/coronavirus-china-records-no-new-deaths/d165af72-aa3f-4f64-b1f0-7133c8404ad0,0,6
Australian government launches coronavirus tracing app,The controversial app to help trace people who come into contact with someone with COVID-19 will be launched on Sunday.,9News,National,9NEWS,https://www.9news.com.au/national/australian-governments-virus-tracing-app-to-be-launched-sunday/32699513-d3e2-4bd6-b12f-c4cc519eb1dd,4,2
Ten Sydney hospital staff in isolation after doctor tests positive,Ten staff across two western Sydney hospitals are in isolation today after a doctor was diagnosed with COVID-19.,9News,National,9NEWS,https://www.9news.com.au/national/coronavirus-nsw-nepean-hospital-staff-in-isolation-after-doctor-tests-positive/196dcdf3-5e4f-4735-9bfd-680602167326,0,13
Top cop one of two mother's killed in Adelaide crash,A senior police officer has been identified as one of two mothers killed in a &quot;horrific&quot; car crash in Adelaide.,9News,National,9NEWS,https://www.9news.com.au/national/adelaide-car-crash-two-women-killed-urrbrae/ac2254ca-69b2-40c1-bde1-8bcf92b60a42,0,7
Australia's coronavirus tracking app – is it safe?,Health Minister Greg Hunt announced COVIDSafe would be available today on the Google Play and Apple App Stores.,9News,National,9NEWS,https://www.9news.com.au/national/coroanvirus-app-australia-how-does-it-work-covidsafe/108b9bde-6f35-452c-9e8d-d8bf47a75c5e,4,18
Queensland COVID-19 stay-at-home measures eased,"Families will soon be able to have picnics outside, go for a drive or enjoy a takeaway on the beach, as the state eases some COVID-19 restrictions.",9News,National,9NEWS,https://www.9news.com.au/national/queensland-coronavirus-restrictions-what-is-allowed-from-saturday-picnics-drives-shopping/f83a374f-20b8-4904-abf7-78e64219fe4a,4,11
"Father charged with attempted murder after boy, 6, 'slashed'",A western Sydney father has been charged with attempted murder after his six-year-old son was allegedly slashed trying to stop him from stabbing his mother yesterday.,9News,National,9NEWS,https://www.9news.com.au/national/boy-6-stabbed-protecting-mother-parramatta-apartment-father-charged-attempted-murder/9c7e338b-91aa-47b5-94ba-cacb74c01f7b,0,15
China blasts Australia's 'political games',China has accused Australia of &quot;highly irresponsible&quot; political manoeuvring following its calls for an independent investigation into the origins of COVID-19.,9News,National,9NEWS,https://www.9news.com.au/national/coronavirus-china-blasts-australia-for-playing-political-games/675fb764-1773-4cbb-9b7e-19d52098450e,4,0
'Do not push the boundaries': We can't just go back to normal,"We saw the virus coming, took fast and tough action, the much explained curve flattened, so now it seems half the country has been arrogant enough to relax and return to normal.",9News,National,9NEWS,https://www.9news.com.au/national/coronavirus-neil-mitchell-opinion-reopening-schools-social-distancing/32963de7-1252-4c0d-a2e0-45fbcd7867ab,0,7
Pilots defy Anzac Day flyover ban,"Pilots banned from performing their annual Anzac flyover defied the rules today. The Queensland group were warned not to break restrictions due to coronavirus, and could face fines, but said, they&#x27;re only honouring our diggers.",9News,National,9NEWS,https://www.9news.com.au/national/coronavirus-flypast-ww2-queensland-gold-coast-pilots-could-be-fined/a20aea3e-85e3-4eb7-a6d8-1babf67fa953,0,16
"'We're all in this together,' says PM in sombre message",PM Scott Morrison delivered a sombre address of solitude during the national Anzac Day Dawn Service at the Australian War Museum in Canberra,9News,National,9NEWS,https://www.9news.com.au/national/anzac-day-driveway-dawn-service-how-to-follow-and-live-updates/e2e5b09f-6c90-4741-b907-4cfa278694ba,4,3
France braces for second wave of coronavirus infections,"France is preparing for a <a href=""https://news-website-prev.ap-southeast-2.elasticbeanstalk.com/world/worst-ways-coronavirus-pandemic-has-been-handled/c7a84cfa-a169-4fb1-bff9-a574381543de"">second wave of virus cases</a>, Britain is reporting nearly 20,000 deaths from virus, while the EPA in the US is reminding people to only use disinfectant on surfaces.",9News,World,9NEWS,https://www.9news.com.au/world/france-braces-for-coronavirus-second-wave/8c127830-54ed-4fc6-97f4-f26618ab4f4e,0,12
Virgin Australia planes blocked by bulldozers over unpaid debts,"Perth Airport officials and Virgin Australia are locked in a stand-off, with a bulldozer blocking in one of the airline&#x27;s jets. ",9News,National,9NEWS,https://www.9news.com.au/national/virgin-australia-administration-planes-perth-airport-blocked-in/28733d32-634a-4405-b811-d59eb989c41d,0,6
Polio vaccine trialled; Chernobyl explosion; Rod Stewart robbed,"A nuclear plant in Chernobyl, Ukraine exploded during a safety test, killing 31, on April 26, 1986.",9News,World,9NEWS,https://www.9news.com.au/world/on-this-day-in-history-new-pictures-gallery-famous-historical-images-crime-sport-celebrity/d59a6c6a-dfce-427e-8e76-faa7226efd0b,0,14
'My soul mate has gone',"The partner of a Victoria Police officer killed in the Eastern Freeway crash has expressed his devastation over losing his &quot;soul mate&quot;, Constable Glen Humphris.",9News,National,9NEWS,https://www.9news.com.au/national/partner-fallen-police-officer-glen-humphris-shares-anguish-eastern-freeway-crash/93dbdb79-09f4-4755-b304-e618eb2b4fe3,0,16
Porsche driver accused of making vile comment as officer lay dying,"An accused drug-driver allegedly told one of four police officers killed in a Melbourne freeway crash &quot;amazing, absolutely amazing&quot; as she groaned for help.",9News,National,9NEWS,https://www.9news.com.au/national/eastern-freeway-crash-porsche-driver-richard-pusey-faces-court/735b90da-2bc7-4c33-8dae-394db1d1035a,4,2
Love Island star hospitalised after stint on show,"TWO months after the death of Love Island UK host Caroline Flack, the franchise has been linked to a troubling case on the Aussie  version.",,,Daily Telegraph,https://www.dailytelegraph.com.au/entertainment/sydney-confidential/how-many-suicides-need-to-happen-love-island-star-taken-to-hospital/news-story/4520f9875c23da78950f50adb2947aff,4,19
‘You’re going to get hit on’: Pussycat Dolls star on Me Too,Risqué dance moves and “girl power” anthems helped cement The Pussycat Dolls as one of the best-selling girl groups of all time in the early 2000s.,,,Daily Telegraph,https://www.dailytelegraph.com.au/entertainment/sydney-confidential/youre-going-to-get-hit-on-pussycat-dolls-star-carmit-bachar-reflects-on-me-too-nightmare/news-story/574d94288f129f53257973e15a2733de,4,15
What Curtis Stone thought of new MasterChef judges,"Having worked with and known MasterChef originals Matt Preston, Gary Mehigan and George Calombaris for decades, Curtis Stone described his first time on set with the new judges as a strange but good feeling.",,,Daily Telegraph,https://www.dailytelegraph.com.au/entertainment/sydney-confidential/string-of-creditors-chasing-cash-from-failed-fashion-brand-tigerlily/news-story/4fff5bb3f9bc60f728eb7d105a190558,4,8
Cassandra’s ‘secret obsession’ with Karl and Jasmine,Cassandra Thorburn’s half-sister has lifted the lid on what she describes as her tumultuous relationship with Karl Stefanovic’s ex-wife.,,,Daily Telegraph,https://www.dailytelegraph.com.au/entertainment/sydney-confidential/cassandra-thorburns-half-sister-allegra-opens-up-on-family-feud/news-story/bf1ee4d388007bd9c6271da694617737,4,13
Aussie TikTok stars could soon see big payday,It’s the social media platform on which traditional celebrity has little currency. Kardashian? Swift? Celeste? Even Bieber. Pfffft. They might be famous. But they ain’t TikTok famous.,,,Daily Telegraph,https://www.dailytelegraph.com.au/entertainment/sydney-confidential/aussie-tiktok-stars-could-soon-see-big-pay-day/news-story/3a09e99a32d59e8535aa9980efeac211,4,18
"Armytage joins Lisa Wilkinson’s stable, takes pay cut","Following a five-week absence from Sunrise, Sam Armytage has surprised her Seven Network bosses by signing a new agent to better represent her interests, the bulk of which are with Seven.",,,Daily Telegraph,https://www.dailytelegraph.com.au/news/opinion/samantha-armytage-signs-up-with-lisa-wilkinsons-agent-takes-20pc-pay-cut/news-story/08f5ca0834cdbdaaa879ddb7cc5eec9a,4,14
Sydney’s elite flock to the Highlands for lockdown,"The Southern Highlands is experiencing an unseasonal population hike with the COVID-19 lockdown driving many of Sydney’s elite into their Ferraris, Bentleys and Mercedes and on to the Hume Motorway to make a chic retreat, Don Harwin-style, to the cool open spaces of the leafy mountain plateau.",,,Daily Telegraph,https://www.dailytelegraph.com.au/news/opinion/sydneys-elite-head-to-southern-highlands-for-covid19-lockdown/news-story/d7904b587c15f67763be53a2c7d825ba,4,12
Why makeover guru opened up about mum’s COVID-19,Not  even a “windy pop” can stop Trinny Woodall in her tracks.,,,Daily Telegraph,https://www.dailytelegraph.com.au/entertainment/sydney-confidential/why-makeover-guru-trinny-woodall-opened-up-about-mums-covid19/news-story/303ce1e418531e6410aa89516489b300,0,5
Extreme measures to restart Neighbours production,Extreme measures have been taken to ensure TV soap Neighbours is back in production.,,,Daily Telegraph,https://www.dailytelegraph.com.au/entertainment/sydney-confidential/neighbours-home-and-away-extreme-measures-to-return-amid-covid19/news-story/35fb8c6c1a18c1361f87ec9fbb79c83a,0,12
Fevola and Love Island star slammed over online pokies,Love Island influencer Dom Thomas and AFL star turned radio host Brendan Fevola have been called out for spruiking online gaming.,,,Daily Telegraph,https://www.dailytelegraph.com.au/entertainment/sydney-confidential/irresponsible-dom-thomas-and-brendan-fevola-shamed/news-story/a0c9959a2f2926ffeade0b7bc95cd880,4,14
"Coronavirus updates LIVE: Man in his 90s becomes Victoria's 17th COVID-19 death, COVID-Safe tracing app arrives","More than 2.8 million people worldwide have tested positive for COVID-19 since the start of the outbreak, and overnight the number of coronavirus deaths in the United Kingdom passed 20,000.",Craig Butt,,SMH Australian Breaking News,https://www.smh.com.au/national/victoria/coronavirus-updates-live-uk-s-death-toll-passes-20-000-global-cases-pass-2-8-million-20200426-p54n8f.html?ref=rss&utm_medium=rss&utm_source=rss_feed,4,18
Workers urged to download app to kick-start post-COVID-19 economy,Health authorities are expecting more than half of all Australians to download the voluntary COVIDSafe contact tracing app.,Rob Harris,,SMH Australian Breaking News,https://www.smh.com.au/politics/federal/workers-urged-to-download-app-to-kick-start-post-covid-19-economy-20200426-p54nda.html?ref=rss&utm_medium=rss&utm_source=rss_feed,0,2
'I'm not sure everyone would cope': AFL seeks approval for hub plan,"The AFLPA remains open to the idea of using quarantine hubs to restart the season, but are determined to ensure that any demands made on players and their families are reasonable.",Peter Ryan,,SMH Australian Breaking News,https://www.smh.com.au/sport/afl/i-m-not-sure-everyone-would-cope-afl-seeks-approval-for-hub-plan-20200425-p54n7u.html?ref=rss&utm_medium=rss&utm_source=rss_feed,0,10
'That could have been any of us': Police rally round in wake of freeway tragedy,"""I have no adequate words to describe the grief and loss we are feeling right now,"" one Victoria Police officer said as the force comes to terms with the tragedy.",Nicole Precel,,SMH Australian Breaking News,https://www.smh.com.au/national/victoria/that-could-have-been-any-of-us-police-rally-round-in-wake-of-freeway-tragedy-20200426-p54ncb.html?ref=rss&utm_medium=rss&utm_source=rss_feed,0,16
"NRL to check every player's home, promote use of phone tracing app",Players will have to complete daily household screening and only hop in a car alone as the NRL ramps up its health and safety proposal for a May 28 re-start.,Adam Pengilly,,SMH Australian Breaking News,https://www.smh.com.au/sport/nrl/nrl-to-check-every-player-s-home-promote-use-of-phone-tracing-app-20200426-p54nap.html?ref=rss&utm_medium=rss&utm_source=rss_feed,0,7
Coronavirus updates LIVE: Global COVID-19 cases top 2.9 million as Australia’s death toll stands at 83,If you suspect you or a family member has coronavirus you should call (not visit) your GP or ring the national Coronavirus Health Information Hotline on 1800 020 080.,Latika Bourke,,SMH Australian Breaking News,https://www.smh.com.au/national/coronavirus-updates-live-global-covid-19-cases-surpass-2-8-million-trump-suggests-dettol-as-treatment-as-australia-s-death-toll-stands-at-81-20200425-p54n8c.html?ref=rss&utm_medium=rss&utm_source=rss_feed,4,13
Cancelled public transport timetables resume as WA schools head back,"All public WA bus services will return to their normal timetable ahead of schools opening this week for term 2, with full train services set to be back on track from early May.",Lauren Pilat,,SMH Australian Breaking News,https://www.smh.com.au/national/western-australia/cancelled-public-transport-timetables-resume-as-wa-schools-head-back-20200426-p54ndw.html?ref=rss&utm_medium=rss&utm_source=rss_feed,0,13
Premier holds firm on schools closure as some restrictions lifted,"Most Queensland students will continue to learn from home despite new national health advice saying saying physical distancing measurers were not ""appropriate or practical"" in schools.",Lydia Lynch,,SMH Australian Breaking News,https://www.smh.com.au/politics/queensland/premier-holds-firm-on-schools-closure-as-some-restrictions-lifted-20200426-p54n9x.html?ref=rss&utm_medium=rss&utm_source=rss_feed,4,13
NSW students welcome back to school in staggered approach,"Schools will be open for the start of term two, but the plan was to have all students attending at least one day a week by term three.",Rachel Clun,,SMH Australian Breaking News,https://www.smh.com.au/national/nsw/nsw-still-doing-extraordinarily-well-tips-over-3000-confirmed-cases-20200426-p54nbf.html?ref=rss&utm_medium=rss&utm_source=rss_feed,4,18
Time to start mapping out a road to recovery,Now is the moment to start building on the momentum of political co-operation we've seen from decision-makers in spearheading the response to COVID-19.,The Herald's View,,SMH Australian Breaking News,https://www.smh.com.au/politics/federal/time-to-start-mapping-out-a-road-to-recovery-20200426-p54ndm.html?ref=rss&utm_medium=rss&utm_source=rss_feed,4,7
United States steps toward reopening amid reports health secretary Alex Azar will be sacked,President Donald Trump did not host a briefing on Saturday in the wake of ridicule for his earlier comments on the prospect of treating the coronavirus with bleach.,,,SMH Australian Breaking News,https://www.smh.com.au/world/north-america/united-states-steps-toward-reopening-amid-reports-health-secretary-alex-azar-will-be-sacked-20200426-p54nds.html?ref=rss&utm_medium=rss&utm_source=rss_feed,0,18
"Stunning upset in Hong Kong, Lane wins three in Tokyo","Beauty Generation denied a third straight Champions Mile at Sha Tin, while Geelong-bred sprinter Mr Stunning caused a boilover in the group 1 Chairman’s Sprint Prize.",Damien Ractliffe,,SMH Australian Breaking News,https://www.smh.com.au/sport/racing/stunning-upset-in-hong-kong-lane-wins-three-in-tokyo-20200426-p54ndp.html?ref=rss&utm_medium=rss&utm_source=rss_feed,4,14
Radio stars land podcast-only roles as market matures,"""The market has matured to the point of being economically robust and growing exponentially,"" says SCA chief executive Grant Blackley.",Broede Carmody,,SMH Australian Breaking News,https://www.smh.com.au/culture/tv-and-radio/radio-stars-land-podcast-only-roles-as-market-matures-20200424-p54mw6.html?ref=rss&utm_medium=rss&utm_source=rss_feed,4,14
Gallery: The best photos from around the world,The best photos from the international wire agencies as chosen by our picture editors.,,,SMH Australian Breaking News,https://www.smh.com.au/world/gallery-the-best-photos-from-around-the-world-20200426-h1nn56.html?ref=rss&utm_medium=rss&utm_source=rss_feed,4,12
"The coronavirus tracing app gets a privacy tick, but it will test Australians’ trust",The government says it has done enough to protect Australians' privacy when it comes to its coronavirus tracing app - and it looks like it might be about right.,Ben Grubb,,SMH Australian Breaking News,https://www.smh.com.au/politics/federal/the-coronavirus-tracing-app-gets-a-privacy-tick-but-it-will-test-australians-trust-20200426-p54nd2.html?ref=rss&utm_medium=rss&utm_source=rss_feed,4,11
'This is an expansion': Luna Park plans raise ire of Sydney residents,Luna Park says plans for petting zoos and jumping castles will keep the business viable. Nearby residents fear the loss of green space.,Megan Gorrey,,SMH Australian Breaking News,https://www.smh.com.au/national/nsw/this-is-an-expansion-luna-park-plans-raise-ire-of-sydney-residents-20200421-p54lup.html?ref=rss&utm_medium=rss&utm_source=rss_feed,4,14
'Crying down the phone': Million-dollar emergency fund for artists,Australia's leading arts philanthropists have come together to bail out artists impoverished by the COVID-19 pandemic.,Linda Morris,,SMH Australian Breaking News,https://www.smh.com.au/culture/art-and-design/crying-down-the-phone-million-dollar-emergency-fund-for-artists-20200425-p54n6s.html?ref=rss&utm_medium=rss&utm_source=rss_feed,0,12
NSW Deputy Premier John Barilaro considers a tilt at federal politics,"Mr Barilaro, who has long been linked to the federal seat of Eden-Monaro, said he is open to the idea.",Alexandra Smith,,SMH Australian Breaking News,https://www.smh.com.au/national/nsw-deputy-premier-john-barilaro-considers-a-tilt-at-federal-politics-20200426-p54n9k.html?ref=rss&utm_medium=rss&utm_source=rss_feed,4,18
"Blockade of CCC chief reappointment 'outrageous, verging on corrupt': Premier",Premier Mark McGowan has labelled the Liberal Party members’ decision to block the reappointment of John McKechnie as the Corruption and Crime Commission’s chief as “outrageous” and “verging on corrupt”.,Lauren Pilat,,SMH Australian Breaking News,https://www.smh.com.au/national/western-australia/blockade-of-ccc-chief-reappointment-outrageous-verging-on-corrupt-premier-20200426-p54ndj.html?ref=rss&utm_medium=rss&utm_source=rss_feed,4,18
Trainers play two-up with double bids at Diggers Cup,"Bathurst trainer Dean Mirfin, who saddles up a classy two-pronged bid at Diggers Cup meeting at Narromine.",,,SMH Australian Breaking News,https://www.smh.com.au/sport/racing/trainers-play-two-up-with-double-bids-at-diggers-cup-20200426-p54ncx.html?ref=rss&utm_medium=rss&utm_source=rss_feed,4,10
Race-by-race tips and preview for Narromine on Monday,All you need to know for a nine-race in western NSW,,,SMH Australian Breaking News,https://www.smh.com.au/sport/racing/race-by-race-tips-and-preview-for-narromine-on-monday-20200426-p54nc8.html?ref=rss&utm_medium=rss&utm_source=rss_feed,4,14
ASX tipped to follow Wall Street higher in early trade,"A solid close to the week on the US bourse is likely to flow on to Australian stocks when the market opens this week, with early gains of 1.5 per cent expected.",Patrick Hatch,,SMH Australian Breaking News,https://www.smh.com.au/business/markets/asx-tipped-to-follow-wall-street-higher-in-early-trade-20200426-p54nce.html?ref=rss&utm_medium=rss&utm_source=rss_feed,4,15
Open communication and silver linings: How parents can manage kids' coronavirus stress,With the Kids Helpline receiving unprecedented numbers of calls in March – 9000 a week or one every minute – psychologists say children of all ages are likely to be experiencing higher levels of stress.,Jenny Noyes,,SMH Australian Breaking News,https://www.smh.com.au/national/open-communication-and-silver-linings-how-parents-can-manage-kids-coronavirus-stress-20200425-p54n5b.html?ref=rss&utm_medium=rss&utm_source=rss_feed,0,15
WA wants AFL hub but won't front up the cash: McGowan,"On Sunday Mr McGowan said a hub in WA would make sense given its low COVID-19 case numbers and he would like to see one established—but the AFL had ""a lot of money"" themselves and they shouldn't expect any money from WA taxpayers to make the idea happen.",Hamish Hastie,,SMH Australian Breaking News,https://www.smh.com.au/sport/afl/wa-wants-afl-hub-but-wont-front-up-the-cash-mcgowan-20200426-p54ndd.html?ref=rss&utm_medium=rss&utm_source=rss_feed,0,18
Victoria won't consider easing restrictions before May 11: health chief,The Victorian government ruled out following in the footsteps of other states which have begun easing some restrictions.,Sumeyya Ilanbey,,SMH Australian Breaking News,https://www.smh.com.au/national/victoria/victoria-won-t-consider-easing-restrictions-before-may-11-health-chief-20200426-p54n93.html?ref=rss&utm_medium=rss&utm_source=rss_feed,4,16
"Yemen separatists break peace deal, claim control of Aden","The separatists declared a state of emergency, saying they would ""self-govern"" the key southern port city and other southern provinces.",,,SMH Australian Breaking News,https://www.smh.com.au/world/middle-east/yemen-separatists-break-peace-deal-claim-control-of-aden-20200426-p54nd7.html?ref=rss&utm_medium=rss&utm_source=rss_feed,4,19
NRL club members put hands in pockets as crowds little chance in 2020,One of Sydney's best-supported clubs had 2000 members pledge their financial support this week alone - even if they can't watch a game this season.,Adam Pengilly,,SMH Australian Breaking News,https://www.smh.com.au/sport/nrl/nrl-club-members-put-hands-in-pockets-as-crowds-little-chance-in-2020-20200424-p54n26.html?ref=rss&utm_medium=rss&utm_source=rss_feed,0,9
"Cough up Covid trillions or lose single market, Macron warns EU","French president issues ultimatum to German bloc, in attempt to bounce the north into fiscal union.",,,SMH Australian Breaking News,https://www.smh.com.au/business/markets/cough-up-covid-trillions-or-lose-single-market-macron-warns-eu-20200426-p54nd5.html?ref=rss&utm_medium=rss&utm_source=rss_feed,0,18
Koch confident Hinkley will stay at Power next season,Port Adelaide chairman David Koch says he's confident Ken Hinkley will still be at the AFL club in 2021.,,,SMH Australian Breaking News,https://www.smh.com.au/sport/afl/koch-confident-hinkley-will-stay-at-power-next-season-20200426-p54nd0.html?ref=rss&utm_medium=rss&utm_source=rss_feed,4,10
Privitelli returns from year in the wilderness to leave indelible mark,"It's not the most spectacular grab you'll ever see, but GWS Giants forward Rebecca Privitelli's first touch of the 2020 season was steeped in meaning.",Vince Rugari,,SMH Australian Breaking News,https://www.smh.com.au/sport/afl/privitelli-returns-from-year-in-the-wilderness-to-leave-indelible-mark-20200426-p54nd3.html?ref=rss&utm_medium=rss&utm_source=rss_feed,4,9
Classroom hours slashed for teaching students to avoid educator shortage,"This year’s crop of teaching graduates will be allowed to enter the profession with 25 per cent less classroom experience, in response to COVID-19.",Adam Carey,,SMH Australian Breaking News,https://www.smh.com.au/national/victoria/classroom-hours-slashed-for-teaching-students-to-avoid-teacher-drought-20200426-p54ncf.html?ref=rss&utm_medium=rss&utm_source=rss_feed,0,15
Storm resigned to Sydney move after cross-border pre-season camp,The Storm will base themselves in a city on the edge of the NSW and Victoria border in preparation for the resumption of the season.,Sam Phillips,,SMH Australian Breaking News,https://www.smh.com.au/sport/nrl/storm-resigned-to-sydney-move-after-cross-border-preseason-camp-20200426-p54ncg.html?ref=rss&utm_medium=rss&utm_source=rss_feed,4,10
Fears seriously ill people going unchecked as cancer referrals plummet,"Cancer referrals at one of Australia's leading oncology centres have plummeted by 30 per cent, fuelling concerns seriously ill people could be going undiagnosed.",Melissa Cunningham,,SMH Australian Breaking News,https://www.smh.com.au/national/fears-seriously-ill-people-going-unchecked-as-cancer-referrals-plummet-20200426-p54n95.html?ref=rss&utm_medium=rss&utm_source=rss_feed,0,13
Singapore races to build beds for COVID-19 patients as cases surge,One such facility at Changi Exhibition Centre could eventually house more than 4000 patients.,,,SMH Australian Breaking News,https://www.smh.com.au/world/asia/singapore-races-to-build-beds-for-covid-19-patients-as-cases-surge-20200426-p54nd4.html?ref=rss&utm_medium=rss&utm_source=rss_feed,0,13
Television production takes first tentative steps after COVID-19,"It's early days, but there are signs that life after the virus might not be beyond the local production sector.",Karl Quinn,,SMH Australian Breaking News,https://www.smh.com.au/culture/tv-and-radio/television-production-takes-first-tentative-steps-after-covid-19-20200424-p54n13.html?ref=rss&utm_medium=rss&utm_source=rss_feed,0,7
Sky racing set for free-to-air deal during Coronavirus crisis,A deal to have Saturday racing from Sydney and Brisbane on free-to-air TV is close to being done.,Chris Roots,,SMH Australian Breaking News,https://www.smh.com.au/sport/racing/sky-racing-set-for-free-to-air-deal-during-coronavirus-crisis-20200426-p54ncl.html?ref=rss&utm_medium=rss&utm_source=rss_feed,4,14
Five more COVID-19 patients at care facility as NSW passes 3000 cases,A doctor from Nepean Hospital was also among the eight new confirmed cases reported on Sunday.,Rachel Clun,,SMH Australian Breaking News,https://www.smh.com.au/national/nsw/five-more-covid-19-patients-at-care-facility-as-nsw-passes-3000-cases-20200426-p54nc6.html?ref=rss&utm_medium=rss&utm_source=rss_feed,0,13
McGowan eases gatherings rules after another day of zero coronavirus cases,"Health Minister Roger Cook on Sunday told media that the state’s total confirmed cases remained at 549, 486 of which had now recovered.",Lauren Pilat,,SMH Australian Breaking News,https://www.smh.com.au/national/western-australia/mcgowan-eases-gatherings-rules-after-another-day-of-zero-coronavirus-cases-20200426-p54ncn.html?ref=rss&utm_medium=rss&utm_source=rss_feed,0,18
"Whatever situation he finds himself in, Ed Langdon adapts","Ed Langdon has walked pilgrim trails, completed torturous hill sessions and withstood friendly digs from his brother between leaving Fremantle and joining Melbourne.",Peter Ryan,,SMH Australian Breaking News,https://www.smh.com.au/sport/afl/whatever-situation-he-finds-himself-in-ed-langdon-adapts-20200425-p54n7w.html?ref=rss&utm_medium=rss&utm_source=rss_feed,4,15
Where to get tested for coronavirus in Queensland,Coronavirus assessment centres have been established across Queensland.,,,SMH Australian Breaking News,https://www.smh.com.au/national/queensland/where-to-get-tested-for-coronavirus-in-queensland-20200320-p54cdk.html?ref=rss&utm_medium=rss&utm_source=rss_feed,0,13
NC-NN-REC/NEWS.COM.AU TOP STORIES (174652),NC-NN-REC/NEWS.COM.AU TOP STORIES (174652),news.com.au — australia’s #1 news site,Uncategorized,News.com.au,https://www.news.com.au/news/ncnnrecnewscomau-top-stories-174652/collection/6b4763d854a2308e2a767518cb5372b7,4,8
The ‘hope’ is for all students to be back in the classroom ‘by the end of May’: Dan Tehan,"Education Minister Dan Tehan urges teachers’ unions to “stop and think of the impact of us not having teachers in the classroom” especially on vulnerable students and those with low socioeconomic backgrounds.

The federal government, the states, and teachers’ unions are now involved in a fierce debate over when students will return in full to schools, with NSW Health Minister Brad Hazzard insisting students in his state will return to school for just one day a week starting from May 11.

Mr Tehan told Sky News host Sharri Markson, students from Indigenous backgrounds, rural and remote backgrounds, and low socioeconomic areas are those which “have been really impacted by the fact that they can’t be at school learning”.

The education minister also said the government’s ""hope"" is to see “all schools back to teaching in the classroom by the end of May”.

“If we could all aim to achieve that by the end of May it would be an outstanding achievement for us nationally”.

Image: News Corp Australia",news.com.au — australia’s #1 news site,National News,News.com.au,https://www.news.com.au/national/the-hope-is-for-all-students-to-be-back-in-the-classroom-by-the-end-of-may-dan-tehan/video/91bdb015f2c545f374f75cbddccad81b,0,18
NC-REC/SPP/FEATURES (170229),NC-REC/SPP/FEATURES (170229),news.com.au — australia’s #1 news site,Uncategorized,News.com.au,https://www.news.com.au/news/ncrecsppfeatures-170229/collection/b46b13fffb7142faea39e9bf3fba4a95,4,8
NC-NN-REC/NEWS.COM.AU HOME ENTERTAINMENT MODULE (172515),NC-NN-REC/NEWS.COM.AU HOME ENTERTAINMENT MODULE (172515),news.com.au — australia’s #1 news site,Uncategorized,News.com.au,https://www.news.com.au/news/ncnnrecnewscomau-home-entertainment-module-172515/collection/fd9f21b4d29ecb99c6169af658c9d925,4,9
Carole’s husband was ‘strangled’: Lawyer,"The husband of Tiger King star Carole Baskin was allegedly strangled and tossed from plane, according to his lawyer.",Fionnuala O’Leary,Entertainment,News.com.au,https://www.news.com.au/entertainment/tv/lawyer-claims-carole-baskins-dead-husband-don-lewis-was-murdered-and-dropped-out-of-a-plane/news-story/67b295641ee867fd24072678457f967b,4,14
NC-NN-REC/NEWS.COM.AU HOME WORLD MODULE,NC-NN-REC/NEWS.COM.AU HOME WORLD MODULE,news.com.au — australia’s #1 news site,Uncategorized,News.com.au,https://www.news.com.au/news/ncnnrecnewscomau-home-world-module/collection/c57b166d9131dcf96b9b1d9f232aeaa2,4,9
Parents ‘left in the centre’ of state and federal schools dispute,"Sky News host Sharri Markson says the debate around whether students should return to schools has “turned fierce with teachers’ unions, premier and the commonwealth each holding a different view”.

Ms Markson said due to the impasse, parents of school children are “left in the centre of it, uncertain of the right thing to do”.

“Teachers worry that it’s not safe for them to work while parents struggle to hold down a job, and home-school their children”.

Of all the wide-ranging issues to come out of the coronavirus pandemic, education is “on top of the prime minister’s agenda” as he has maintained from the very beginning there is no medical advice to suggest students should not attend school.

“He insists children should return to school as soon as possible, and that the classroom is perfectly safe for teachers if they socially distance,” she said.

However, state authorities have resisted the the prime minister’s stance, with the NSW government in particular insisting it will “proceed with its plan to send children back to school just one day a week from May 11”.

Image: AP",news.com.au — australia’s #1 news site,National News,News.com.au,https://www.news.com.au/national/parents-left-in-the-centre-of-state-and-federal-schools-dispute/video/78d3de4e10390e976debdeb18fd548f0,0,15
NC-NN-REC/NEWS Rec National and World (192348),NC-NN-REC/NEWS Rec National and World (192348),news.com.au — australia’s #1 news site,Uncategorized,News.com.au,https://www.news.com.au/news/ncnnrecnews-rec-national-and-world-192348/collection/6c5b2289011c1fc71299a41058646127,4,8
NC-NN-REC/NEWS.COM.AU HOME LIFESTYLE MODULE (175427),NC-NN-REC/NEWS.COM.AU HOME LIFESTYLE MODULE (175427),news.com.au — australia’s #1 news site,Uncategorized,News.com.au,https://www.news.com.au/news/ncnnrecnewscomau-home-lifestyle-module-175427/collection/7a8b3a68a3b11bb534070f6086020a33,4,9
Courier Mail – Sports – AFL Top News,Courier Mail - Sports - AFL Top News,news.com.au — australia’s #1 news site,Uncategorized,News.com.au,https://www.news.com.au/news/courier-mail-sports-afl-top-news/collection/817ae53ce77a7601bedb7a8dbb2982df,4,9
